body,title,url
"El precio del dÃ³lar ha venido en aumento durante los Ãºltimos meses, haciendo que turistas nacionales e internacionales volteen a ver los destinos colombianos como una conveniente opciÃ³n para pasar unas maravillosas vacaciones sin tener gastos excesivos.", Los destinos nacionales son protagonistas ,https://www.eluniversal.com.co//viernes/los-destinos-nacionales-son-protagonistas-JH6823391
"Â¿Te has preguntado alguna vez cÃ³mo es el mundo de los reinados masculinos? Â¿Es complicado entrar, hacerse un nombre y mantenerse en el modelaje? Robert nos cuenta los desafÃ­os, estigmas y seÃ±alamientos que tienen que soportar los jÃ³venes que deciden tomar esta carrera.", El lado cruel de los reinados de belleza masculinos en Cartagena ,https://www.eluniversal.com.co//suplementos/facetas/el-lado-cruel-de-los-reinados-de-belleza-masculinos-en-cartagena-XH6832473
"Un muerto y un herido fue el saldo que dejÃ³ un enfrentamiento de pandillas en los barrios Siete de Abril y Conidec de Barranquilla, en momentos que caÃ­a un fuerte aguacero sobre la capital del AtlÃ¡ntico.", Un muerto y un herido dejÃ³ enfrentamiento de pandillas en medio de la lluvia ,https://www.eluniversal.com.co//regional/un-muerto-y-un-herido-dejo-enfrentamiento-de-pandillas-en-medio-de-la-lluvia-AL6863983
"Las peleas entre hermanos son comunes en todas las familias. Muchas veces se tratan de evitar, pero lo cierto es que estos desacuerdos enseÃ±an a controlar las emociones, dialogar y negociar. En este sentido, es fundamental tener en cuenta que este contacto entre hermanos tambiÃ©n juega un papel importante en la formaciÃ³n de la personalidad.", ,https://www.eluniversal.com.co//viernes/peleas-entre-hermanos-como-controlarlas-DD6858454
"La cocina es un lugar fundamental en el hogar, pues es comÃºn que las personas en reuniones sociales o en su diario vivir pasen gran parte de su tiempo compartiendo en este espacio. Por eso, es muy importante lograr que en ella confluya la estÃ©tica, comodidad y ergonomÃ­a que permitirÃ¡n la armonÃ­a necesaria para convertir este lugar en el corazÃ³n de la casa. Teniendo en cuenta esto los expertos entregan tips para lograr de la cocina soÃ±ada:", CÃ³mo lograr una cocina de ensueÃ±o ,https://www.eluniversal.com.co//viernes/como-lograr-una-cocina-de-ensueno-FI6857667
"Nairo Quintana dio un paso grande en busca del podio de ParÃ­s, al demostrar fortaleza en la primera cita con los Pirineos, donde se convirtiÃ³ en el Ãºnico capaz de aguantar el ritmo de los dos gigantes de este Tour, el danÃ©s Jonas Vingegaard y el esloveno Tadej Pogacar.", ,https://www.eluniversal.com.co//multimedia/video-nairo-quintana-ya-es-cuarto-y-busca-el-podio-en-el-tour-de-francia-HJ6847382
"La tecnologÃ­a en salud ha venido desarrollÃ¡ndose de manera acelerada, de cara al impacto de diversas patologÃ­as que exigen diagnÃ³sticos y tratamientos efectivos, ademÃ¡s, de la coyuntura ocurrida con el Covid-19. En este sentido, el Registro Especial de Prestadores de Servicios de Salud, indicÃ³ que los servicios pÃºblicos y privados habilitados en la modalidad de telemedicina, aumentaron de 3.047 a 12.257, entre 2019 y 2020. Lo cual evidencia que la era digital fomenta la interconectividad entre la situaciÃ³n de los pacientes y de las entidades en salud, con el fin de que puedan desarrollar procesos mÃ¡s eficaces.", La necesidad de avanzar hacia servicios de salud digital ,https://www.eluniversal.com.co//viernes/la-necesidad-de-avanzar-hacia-servicios-de-salud-digital-MI6857934
"Dos aÃ±os y siete meses despuÃ©s de llegar a la comandancia del EjÃ©rcito, el general Eduardo Zapateiro dejÃ³ su cargo pocos dÃ­as antes de que se posesione el presidente electo, Gustavo Petro, con quien tuvo una dura controversia cuando era candidato. Lea: General Zapateiro anunciÃ³ que dejarÃ¡ comandancia del EjÃ©rcito", Los soldados no somos enemigos de la paz: general Zapateiro en su despedida ,https://www.eluniversal.com.co//colombia/los-soldados-no-somos-enemigos-de-la-paz-general-zapateiro-en-su-despedida-DL6863720
"Un dÃ­a despuÃ©s de dar positivo por COVID y mientras se encuentra aislado en la Casa Blanca, el presidente estadounidense, Joe Biden, animÃ³ este viernes a los conciudadanos a vacunarse para evitar que los sÃ­ntomas de la enfermedad sean graves. Lea: Presidente Joe Biden da positivo para COVID-19", Biden reitera desde su aislamiento la necesidad de vacunarse contra COVID ,https://www.eluniversal.com.co//mundo/biden-reitera-desde-su-aislamiento-la-necesidad-de-vacunarse-contra-covid-YL6863199
"El pasado 18 de julio llegÃ³ la nueva temporada de La Voz kids a Caracol TelevisiÃ³n con AndrÃ©s Cepeda y nuevos jurados como Kany GarcÃ­a y Nacho, y ademÃ¡s, del presentador IvÃ¡n Lalinde, quien acompaÃ±a a Laura AcuÃ±a."," Fanny LÃº y la razÃ³n por la que no estÃ¡ en La Voz Kids, Â¿no la querÃ­an? ",https://www.eluniversal.com.co//farandula/fanny-lu-y-la-razon-por-la-que-no-esta-en-la-voz-kids-no-la-querian-EK6862969
"El presidente ucraniano, VolodÃ­mir Zelenski, manifestÃ³ su satisfacciÃ³n por el acuerdo alcanzado este viernes en Estambul, ya que podrÃ¡ desbloquear la exportaciÃ³n de grano del paÃ­s, varado en los puertos por la guerra, y dijo que permitirÃ¡ evitar una catÃ¡strofe global y la hambruna.", Zelenski: con el acuerdo es posible evitar catÃ¡strofe global y hambruna ,https://www.eluniversal.com.co//mundo/zelenski-con-el-acuerdo-es-posible-evitar-catastrofe-global-y-hambruna-DL6863476
"MÃ¡s de 20 lÃ­deres de diferentes sectores participaron de âUn cafÃ© en El Universal para conectar a la comunidadâ, un evento diseÃ±ado para que la ciudadanÃ­a se entere de las labores que vienen adelantando las empresas privadas, pÃºblicas y de servicios pÃºblicos en Cartagena. En este primer encuentro el gerente de Afinia, Javier Lastra, le explicÃ³ a los participantes las inversiones que estÃ¡n adelantando y el estado en que encontrÃ³ la infraestructura de esta empresa al reemplazar a Electricaribe. (Lea: âMejoramos el servicio, las inversiones y la atenciÃ³nâ: Afinia)", Video: Un cafÃ© en El Universal para conectar a la comunidad con Afinia ,https://www.eluniversal.com.co//cartagena/video-un-cafe-en-el-universal-para-conectar-a-la-comunidad-con-afinia-JL6863319
"El alcalde del municipio de San Benito Abad, Manuel Cadrazco Salcedo, decretÃ³ medidas especiales de seguridad en un consejo extraordinario de seguridad celebrado la tarde del jueves."," Adoptan medidas especiales en San Benito Abad, luego de dos atentados ",https://www.eluniversal.com.co//sucesos/adoptan-medidas-especiales-en-san-benito-abad-luego-de-dos-atentados-DM6860027
"Carlos Arturo Bacca Ahumada, nueva contrataciÃ³n de Junior, fue convocado por el tÃ©cnico Juan Cruz Real para el partido de este sÃ¡bado en el estadio Metropolitano Roberto MelÃ©ndez ante Independiente Santa Fe y vÃ¡lido por la cuarta fecha de la Liga BetPlay Dimayor, programado para las 6:10 de la tarde.", Carlos Bacca fue convocado para el partido ante Santa Fe ,https://www.eluniversal.com.co//regional/carlos-bacca-fue-convocado-para-el-partido-ante-santa-fe-FL6863007
"El presidente electo, Gustavo Petro, anunciÃ³ en Twitter la designaciÃ³n del exmagistrado auxiliar de la Corte Suprema de Justicia IvÃ¡n VelÃ¡squez GÃ³mez como el prÃ³ximo ministro de Defensa de Colombia. Lea aquÃ­: IvÃ¡n VelÃ¡squez serÃ¡ el ministro de Defensa en el gobierno de Petro", ,https://www.eluniversal.com.co//colombia/quien-es-ivan-velasquez-gomez-el-ministro-de-defensa-elegido-por-petro-CM6860721
"JosÃ© Almanza, presidente de la AsociaciÃ³n de Padres de Familia, de la InstituciÃ³n Educativa Soledad Acosta de Samper, ubicada en Blas de Lezo, advierte el mal estado en que se encuentra la infraestructura del plantel, y es que un plafÃ³n que se encuentra cerca a las canchas evidencia grietas. (Lea: 49 estudiantes de la I.E Soledad A. de Samper fueron admitidos en la UdeC)", La razÃ³n por la que piden intervenir infraestructura del Soledad A. de Samper ,https://www.eluniversal.com.co//cartagena/piden-intervenir-infraestructura-del-soledad-acosta-de-samper-YD6858537
"En los Ãºltimos aÃ±os se ha demostrado que la tecnologÃ­a es el mejor aliado de las compaÃ±Ã­as y en general, de todas las personas, pues a travÃ©s de ella se logrÃ³ que el modelo de trabajo cambiara sustancialmente y migrara de lo presencial a lo virtual; si bien este cambio obedeciÃ³ en gran parte a la pandemia, el mismo le ha exigido a todas las compaÃ±Ã­as el reto de abrir su informaciÃ³n y permitir que sus colaboradores puedan trabajar desde cualquier punto y aparato tecnolÃ³gico, el cual cuente con conexiÃ³n a internet y permita acceder a la informaciÃ³n corporativa para cumplir con sus compromisos.", Crece hurto a travÃ©s de medios y sistemas informÃ¡ticos ,https://www.eluniversal.com.co//viernes/crece-hurto-a-traves-de-medios-y-sistemas-informaticos-IM6824846
"Desde muy temprano en la maÃ±ana, Javier RodrÃ­guez Castilla, de 20 aÃ±os, se levanta repitiendo el mismo refrÃ¡n que lo motiva a seguir adelante: âQuien no vive para servir no sirve para vivirâ. Lea tambiÃ©n: 4 historias que demuestran que la solidaridad cambia vidas.", Â¡La fundaciÃ³n en Boston que estÃ¡ en crisis y necesita ayuda! ,https://www.eluniversal.com.co//suplementos/facetas/la-fundacion-en-boston-que-esta-en-crisis-y-necesita-ayuda-FM6835878
"Con el paso del tiempo las personas cambian de rutina y actividades, es decir, vivimos procesos constantes de cambio y crecimiento. Sin embargo, a pesar de que muchas personas desean refrescar su imagen y adecuarla al nuevo rol que desempeÃ±an o a la nueva etapa que estÃ¡n viviendo; a veces no saben por dÃ³nde empezar o cÃ³mo hacerlo de manera correcta.", Â¿CÃ³mo lograr una imagen profesional y exitosa? ,https://www.eluniversal.com.co//viernes/como-lograr-una-imagen-profesional-y-exitosa-YH6823643
"Carlos Arturo Bacca Ahumada, nueva contrataciÃ³n de Junior, fue convocado por el tÃ©cnico Juan Cruz Real para el partido de este sÃ¡bado en el estadio Metropolitano Roberto MelÃ©ndez ante Independiente Santa Fe y vÃ¡lido por la cuarta fecha de la Liga BetPlay Dimayor, programado para las 6:10 de la tarde.", Carlos Bacca fue convocado para el partido ante Santa Fe ,https://www.eluniversal.com.co//deportes/carlos-bacca-fue-convocado-para-el-partido-ante-santa-fe-FL6863007
"La turbulencia en una aeronave de la compaÃ±Ã­a âVuelingâ en Europa aumentÃ³, y no precisamente por afectaciones climÃ¡ticas. La confrontaciÃ³n de dos pasajeros que protagonizaron un escandaloso incidente le estÃ¡ dando la vuelta a las redes sociales.", En pleno aviÃ³n: golpiza entre pasajeros por âsacar la maleta primeroâ ,https://www.eluniversal.com.co//mundo/en-pleno-avion-golpiza-entre-pasajeros-por-sacar-la-maleta-primero-YN6861526
"A travÃ©s de la ResoluciÃ³n 1238 del 21 de julio de 2022, el Ministerio de Salud y ProtecciÃ³n Social adoptÃ³ nuevas medidas para la prevenciÃ³n, promociÃ³n y conservaciÃ³n de la salud con ocasiÃ³n de las infecciones respiratorias, incluidas las originadas por el COVID-19.", Usar tapabocas vuelve a ser obligatorio en diversos lugares ,https://www.eluniversal.com.co//colombia/usar-tapabocas-vuelve-a-ser-obligatorio-en-diversos-lugares-BL6863672
"Una de las alternativas de financiaciÃ³n no bancaria mÃ¡s popular del paÃ­s, Brilla, evoluciona a travÃ©s de la App Brilla, una aplicaciÃ³n mÃ³vil que ofrece un amplio catÃ¡logo de productos y servicios al alcance de su mano, que puede financiar de manera rÃ¡pida y segura."," Nueva App Brilla, la opciÃ³n rÃ¡pida y segura para usar su crÃ©dito ",https://www.eluniversal.com.co//informe-empresarial/nueva-app-brilla-la-opcion-rapida-y-segura-para-usar-su-credito-EJ6856237
Basta teclear la palabra y dar Ã©nter en Google para enterarse de que la xenofobia es el ârechazo a los extranjerosâ y basta escuchar algunas conversaciones callejeras para comprobar que muchos venezolanos son blanco de este odio., 3 historias de colombianos que le dicen gracias a Venezuela ,https://www.eluniversal.com.co//suplementos/facetas/3-historias-de-colombianos-que-le-dicen-gracias-a-venezuela-KN6843628
"En la Ãºltima semana se han registrado en el departamento siete hostigamientos contra las estaciones de PolicÃ­a en distintos municipios de CÃ³rdoba. El Ãºltimo hecho se registrÃ³ en el corregimiento El Rodeo, zona rural de Lorica, en el bajo SinÃº.", No cesan hostigamientos contra la PolicÃ­a en CÃ³rdoba ,https://www.eluniversal.com.co//regional/cordoba/no-cesan-hostigamientos-contra-la-policia-en-cordoba-NM6860168
"El sueÃ±o es una funciÃ³n vital bÃ¡sica no negociable en el ser humano. Una persona no es capaz de resistir mÃ¡s de 7 dÃ­as sin dormir, la deprivaciÃ³n de sueÃ±o podrÃ­a llevarlo a la muerte. Es un estado que le permite al ser humano desintoxicarse y reiniciarse para sus actividades diarias. Se ha comprobado cientÃ­ficamente que la falta de sueÃ±o se asocia con morbilidad y mortalidad, es tan grave que puede predisponer a enfermedades cardiovasculares, diabetes y cÃ¡ncer.",,https://www.eluniversal.com.co//viernes/con-el-sueno-no-se-juega-es-esencial-para-una-vida-sana-HH6823559
"Personal adscrito al Grupo de InvestigaciÃ³n Criminal SIJIN y PolicÃ­as de Infancia y adolescencia, con la coordinaciÃ³n de la FiscalÃ­a 61 Seccional contra el microtrÃ¡fico, lograron la desarticulaciÃ³n del grupo de delincuencia comÃºn organizado âLos Cartaâ, con la captura de cinco personas que deberÃ¡n responder por los delitos de concierto para delinquir, trÃ¡fico de estupefacientes y uso de menores para comisiÃ³n de delitos.", Menores eran instrumentalizados para expender y transportar droga ,https://www.eluniversal.com.co//regional/menores-eran-instrumentalizados-para-expender-y-transportar-droga-HN6861382
"La designada ministra de Salud, Carolina Corcho, afirmÃ³ que el impuesto a las bebidas azucaradas dentro de la eventual reforma tributaria que presentarÃ¡ el nuevo gobierno es una medida de salud pÃºblica y detallÃ³ que los recursos recaudados serÃ¡n destinados para la atenciÃ³n en salud de los menores. Lea aquÃ­: Bebidas azucaradas tendrÃ­an impuesto para desestimular su consumo", Impuesto a las gaseosas serÃ­a para financiar atenciÃ³n primaria en salud ,https://www.eluniversal.com.co//colombia/impuesto-a-las-gaseosas-seria-para-financiar-atencion-primaria-en-salud-YM6860203
"Justo esta semana, cuando se publicÃ³ la investigaciÃ³n realizada por Funcicar, con el apoyo de Open Contracting y en alianza con la CÃ¡mara de Comercio de Cartagena (CCC), denominada âDescriptores, barreras y oportunidades para la contrataciÃ³n de proveedores locales en la AlcaldÃ­a de Cartagena de Indiasâ, la oficina Asesora en Asuntos de Transparencia y AnticorrupciÃ³n del Distrito efectuÃ³ tambiÃ©n la Feria de Transparencia, âCartagena Transparente en su ContrataciÃ³nâ.", Por mÃ¡s transparencia ,https://www.eluniversal.com.co//opinion/editorial/por-mas-transparencia-GL6850448
"En esta secciÃ³n editorial, en consonancia con las noticias que frecuentemente produce el Centro amurallado en relaciÃ³n con los efectos que causa la permisiÃ³n de conductas que antes se reservaban para espacios cerrados o en zonas de tolerancia tÃ¡citas que ha tenido Cartagena, hemos advertido del franco deterioro que padece ante la mirada impÃ¡vida de autoridades locales.",,https://www.eluniversal.com.co//opinion/editorial/el-centro-como-burdel-XG6844536
"Colombia ha sido escenario internacional de la guerra contra las drogas, el nÃºmero de vÃ­ctimas sigue siendo incontable, producto no solo del sicariato, sino de otras formas de violencia que vienen emparejadas con el fenÃ³meno. Desde la guerra en los Llanos Orientales a mediados del siglo pasado, producto de una delincuencia que se le dio status, asimilando las bandas y los bandoleros a las casas de partidos tradicionales, hasta los de hoy que se les da categorÃ­a de izquierda o derecha, que en el fondo no viene siendo sino un escudo para legitimar su acciÃ³n delincuencial, esperando que en algÃºn momento se pase la tabla rasa de la amnistÃ­a o el perdÃ³n social, pero si algo nos ha dejado la experiencia, es que la violencia continÃºa, entonces debemos concluir que el factor que la genera no es ideolÃ³gico, hay otro combustible que mantiene prendido el fuego.", Violencia y trÃ¡fico de drogas ,https://www.eluniversal.com.co//opinion/columna/violencia-y-trafico-de-drogas-AM6853615
"Los dos senadores conservadores de CÃ³rdoba, que por primera vez llegan al Congreso de la RepÃºblica, Liliana Bitar y Marcos Daniel Pineda, empezaron su labor legislativa radicando dos proyectos."," Senadores ""primÃ­paros"" de CÃ³rdoba radicaron proyectos en el Congreso ",https://www.eluniversal.com.co//politica/senadores-primiparos-de-cordoba-radicaron-proyectos-en-el-congreso-YM6860098
"El sistema de salud es patrimonio de los colombianos. Dicho esto, respeto el anÃ¡lisis que ha hecho el grupo liderado por la nueva ministra, pero una conquista del sistema que en 30 aÃ±os se ha consolidado a pesar de los entuertos de su implementaciÃ³n; la ley no fue por generaciÃ³n espontÃ¡nea, comenzÃ³ con 3 leyes previas: la ley 10, 60 y 100 para conseguir lo que hoy tenemos. La casi universalidad de la cobertura. Es necesario recordar muchas cosas que al parecer la memoria de los colombianos olvidan frecuentemente. Uno de esos ejemplos nos lleva al aÃ±o del juicio al presidente Samper que retardÃ³ en mÃ¡s de un aÃ±o el proceso de reglamentaciÃ³n de la ley 100 y luego a pupitrazo limpiÃ³ y en forma de cascada de fichas de dominÃ³, se aprobaron una cantidad enorme de articulados orangutÃ¡n. Todos estos se han venido corrigiendo aÃ±o tras aÃ±os.", Salud ,https://www.eluniversal.com.co//opinion/columna/salud-FM6853632
"DespuÃ©s de haber cancelado la gira de su Ã¡lbum âLoverâ en 2019 por la pandemia, Taylor Swift se reencontrÃ³ con sus seguidores en vivo en el concierto que dieron en Londres las hermanas Haim, el 21 de julio.",,https://www.eluniversal.com.co//farandula/taylor-swift-se-sube-a-un-escenario-tras-anos-de-ausencia-YL6863346
"Luego de la reuniÃ³n que se realizÃ³ en las Ãºltimas horas en la sede de Cormagdalena en Barranquilla, se analizaron y conocieron los avances de las labores de dragado que adelanta Cormagdalena en el Canal del Dique en las inmediaciones del municipio de Santa LucÃ­a y en la misma se contÃ³ con la presencia de la ProcuradurÃ­a General de la NaciÃ³n, GobernaciÃ³n del AtlÃ¡ntico y la interventorÃ­a del proyecto.", AsÃ­ avanzan las obras de dragado en el Canal del Dique ,https://www.eluniversal.com.co//regional/asi-avanzan-las-obras-de-dragado-en-el-canal-del-dique-CN6861343
"Lucas JimÃ©nez siempre quiso ser el mejor profesor de la universidad. Para lograrlo, primero estudiÃ³ economÃ­a, luego hizo su maestrÃ­a en desarrollo econÃ³mico y finalmente terminÃ³ su doctorado de economÃ­a en el exterior. Todo de corrido. Recibido su Ãºltimo tÃ­tulo, regresÃ³ a la universidad de su vida y en pocos aÃ±os, como era su sueÃ±o, segÃºn la evaluaciÃ³n semestral de los estudiantes, se convirtiÃ³ en el maestro mejor calificado de la instituciÃ³n. JimÃ©nez enseÃ±aba macroeconomÃ­a, con clases abarrotadas de unos 100 alumnos, segÃºn tope mÃ¡ximo acordado con la vicerrectorÃ­a acadÃ©mica.", Un profesor ,https://www.eluniversal.com.co//opinion/columna/un-profesor-AC6859673
"El carbÃ³n ha sido considerado el chico malo del medioambiente en las Ãºltimas dÃ©cadas. Su contaminaciÃ³n se produce durante la combustiÃ³n y aunque existe tecnologÃ­a para minimizar los gases efecto invernadero, todavÃ­a no es suficiente para que los ambientalistas le den una segunda oportunidad. En Europa particularmente fueron muy firmes contra el carbÃ³n colombiano, gravando con altos impuestos su importaciÃ³n hasta el punto que fue casi borrado del mapa energÃ©tico europeo, en preferencia del carbÃ³n ruso, que fue el gran beneficiado de los regaÃ±os de Greta.", Del negro al verde ,https://www.eluniversal.com.co//opinion/columna/del-negro-al-verde-CM6853598
"Sigue latente la tensiÃ³n en el petrismo. Gustavo BolÃ­var no ha dejado de suscitar polÃ©mica en redes con su enfrentamiento con los miembros del Pacto HistÃ³rico que a su parecer no representan el cambio, ideal de esa colectividad. En esa cruzada constantemente discute con su compaÃ±ero de filas y presidente del Senado, Roy Barreras.",,https://www.eluniversal.com.co//politica/bolivar-contra-barreras-realidad-o-treta-de-policia-malo-y-policia-bueno-DM6860498
"Real Cartagena logrÃ³ una importante victoria este viernes en el torneo de la Primera B en Colombia. El equipo heroico, jugando de visitante, venciÃ³ 3-2 al AtlÃ©tico Huila, otro de los equipos llamados a ascender. Los goles del triunfo en el estadio Plazas Alcid fueron anotados por Daniel Pedrozo, FÃ©lix CharrupÃ­ y Leyder Robledo, mientras por el rival se reportaron en el marcador Marcelo DÃ¡valos y AndrÃ©s Amaya.", Real Cartagena âdespertÃ³â en el torneo de la Primera B ,https://www.eluniversal.com.co//deportes/real-cartagena-desperto-en-el-torneo-de-la-primera-b-GL6863181
"âMenoVestâ es un proyecto respaldado por la organizaciÃ³n Over The Bloody Moon, ubicada en Reino Unido. La sociedad se creÃ³ con el objetivo de resolver inquietudes y disminuir los estigmas que existen sobre la menopausia, aquel periodo entre los 40 o 50 aÃ±os de una mujer en el que deja de menstruar.", El chaleco para hombres que genera sofoco para sentir la menopausia ,https://www.eluniversal.com.co//mundo/el-chaleco-para-hombres-que-genera-sofoco-para-sentir-la-menopausia-HK6862801
"Muy importante el anÃ¡lisis promovido por Amcham de los 10 aÃ±os del TLC de Colombia con Estados Unidos: perspectivas y retos. El desafÃ­o es incrementar el intercambio de bienes, servicios y el comercio para que sea la principal actividad Colombo- Americana.", TLC CON USA ,https://www.eluniversal.com.co//opinion/columna/tlc-con-usa-YM6853320
"Empresas PÃºblicas MedellÃ­n (EPM), encabezada por Jorge AndrÃ©s Carrillo, anunciÃ³ una nueva modificaciÃ³n al plazo de la recepciÃ³n de ofertas de empresas que quieren participar en el proceso de solicitud pÃºblica para la construcciÃ³n âde las obras civiles finales del proyecto Hidroituangoâ.",,https://www.eluniversal.com.co//colombia/epm-extendio-plazo-de-oferentes-constructores-de-hidroituango-LL6863904
"El grupo Ceinfes del Centro de investigaciÃ³n, innovaciÃ³n y desarrollo tecnolÃ³gico destacÃ³ en su Cuestionario de Salud General (GHQ-12) realizado a mÃ¡s de 1.350 jÃ³venes colombianos entre los 12 y 17 aÃ±os de edad durante los meses de abril y mayo de este 2022, que un 30 % de los jÃ³venes presenta problemas para concentrarse bien en las actividades que llevan a cabo y mÃ¡s del 70% han visto afectados sus hÃ¡bitos del sueÃ±o debido a sus preocupaciones.", Â¿QuÃ© es el sueÃ±o y por quÃ© es tan importante? ,https://www.eluniversal.com.co//viernes/que-es-el-sueno-y-por-que-es-tan-importante-DI6857533
"La empresa Air-e dio a conocer que para los dÃ­as sÃ¡bado y domingo ha programado mejoras de la red elÃ©ctrica en varios sectores de Barranquilla, Soledad, Luruaco y RepelÃ³n, por lo que se verÃ¡ obligada a suspender el servicio de energÃ­a mientras duren las labores por parte de los tÃ©cnicos de la compaÃ±Ã­a.", Sectores de Soledad y Barranquilla estarÃ¡n sin luz este fin de semana ,https://www.eluniversal.com.co//regional/sectores-de-soledad-y-barranquilla-estaran-sin-luz-este-fin-de-semana-DK6862371
"Hace cuatro dÃ­as, el lunes 18 de julio, la sede principal de la InstituciÃ³n Educativa de Gambote amaneciÃ³ inundada y las clases debieron suspenderse."," Gambote, en alerta mÃ¡xima por las inundaciones en su colegio  ",https://www.eluniversal.com.co//regional/gambote-en-alerta-maxima-por-las-inundaciones-en-su-colegio-LK6862863
"Ayer se retomÃ³ la audiencia de imputaciÃ³n contra Ãscar MarÃ­n, concejal de Cartagena, por presuntas irregularidades que se investigan en el periodo que fungiÃ³ como director del Fondo de Pensiones de Cartagena (Fonpecar). El espacio continuÃ³ la sesiÃ³n del pasado 1 de julio, luego que la defensa del cabildante pidiera aplazamiento porque que el abogado tenÃ­a una audiencia ya programada.", Concejal es imputado por delitos en el Fondo de Pensiones de Cartagena ,https://www.eluniversal.com.co//politica/concejal-es-imputado-por-delitos-en-el-fondo-de-pensiones-de-cartagena-HM6860548
"El emergente artista argentino y virtuoso del hip-hop, Trueno, y el multiplatino y premiado J Balvin, se unen para el lanzamiento de âUn pasoâ, un tema inÃ©dito del segundo Ã¡lbum de Trueno, âBien o malâ", Trueno y J Balvin rompen las barreras creativas con âUn pasoâ ,https://www.eluniversal.com.co//farandula/trueno-y-j-balvin-rompen-las-barreras-creativas-con-un-paso-XK6862044
"La verdad navega por dos vertientes en el flujo de la tradiciÃ³n filosÃ³fica occidental. En una, la verdad es la principal virtud de los sistemas de pensamiento, asÃ­ como la justicia es la principal virtud de las instituciones sociales. En otra, la verdad es un producto de las instituciones sociales, y por lo tanto estÃ¡ siempre determinada por los regÃ­menes de poder que estructuran los sistemas de pensamiento.", La Ã©tica de la verdad ,https://www.eluniversal.com.co//opinion/columna/la-etica-de-la-verdad-NC6859690
"MÃ¡s de 20 lÃ­deres de diferentes sectores participaron de âUn cafÃ© en El Universal para conectar a la comunidadâ, un evento diseÃ±ado para que la ciudadanÃ­a se entere de las labores que vienen adelantando las empresas privadas, pÃºblicas y de servicios pÃºblicos en Cartagena. En este primer encuentro el gerente de Afinia, Javier Lastra, le explicÃ³ a los participantes las inversiones que estÃ¡n adelantando y el estado en que encontrÃ³ la infraestructura de esta empresa al reemplazar a Electricaribe. (Lea: âMejoramos el servicio, las inversiones y la atenciÃ³nâ: Afinia)", Video: Un cafÃ© en El Universal para conectar a la comunidad con Afinia ,https://www.eluniversal.com.co//multimedia/video-un-cafe-en-el-universal-para-conectar-a-la-comunidad-con-afinia-JL6863319
"El francÃ©s Christophe Laporte logrÃ³ la âmanitaâ, quinta victoria para el Jumbo Visma tras imponerse en un reducido esprint en la decimonovena etapa disputada entre Castelnau Magnoac y Cahors, de 188,3 km, en la que mantuvo el jersey amarillo el danÃ©s Jonas Vingegaard, quien cediÃ³ al final cinco intrascendentes segundos sobre el esloveno Tadej Pogacar.", Video: Jumbo redondea su dominio en el Tour de Francia ,https://www.eluniversal.com.co//multimedia/video-jumbo-redondea-su-dominio-en-el-tour-de-francia-LK6862591
"La vicepresidenta de PerÃº, Dina Boluarte, insinuÃ³ este viernes que asumirÃ­a la Presidencia en caso de que el Congreso destituya a Pedro Castillo y acusÃ³ a un sector de la oposiciÃ³n de âno aceptarâ los resultados electorales y ejercer contra el Gobierno un âacoso polÃ­ticoâ que tachÃ³ de inÃ©dito. Le interesa: FiscalÃ­a de PerÃº abre cuarta investigaciÃ³n contra presidente Castillo",  Vicepresidenta de PerÃº insinÃºa que asumirÃ­a Presidencia si sale Castillo ,https://www.eluniversal.com.co//mundo/vicepresidenta-de-peru-insinua-que-asumiria-presidencia-si-sale-castillo-DN6861885
El Comando de la Metropolitana indicÃ³ que estÃ¡ ofreciendo $20 millones por informaciÃ³n que conduzca a la captura de los autores materiales de un intento de atentado con granada en la estaciÃ³n de PolicÃ­a del barrio Los Caracoles y del ataque a bala a un uniformado en San JosÃ© de los Campanos. (Lea: Lo Ãºltimo que se conoce sobre la granada que explotÃ³ en Los Caracoles), VÃ­deo: Lo que se sabe de la granada que explotÃ³ en estaciÃ³n de policÃ­a en Cartagena ,https://www.eluniversal.com.co//multimedia/video-lo-que-se-sabe-de-la-granada-que-exploto-en-estacion-de-policia-en-cartagena-JD6858830
"El danÃ©s Jonas Vingegaard (Jumbo Visma) sentenciÃ³ el Tour de Francia con una magistral exhibiciÃ³n en solitario que le permitiÃ³ conquistar la jornada reina de los Pirineos disputada entre Lourdes y Hautacam, de 143,2 km, en la que acabÃ³ con la resistencia del esloveno Tadej Pogacar, tocado ademÃ¡s por una caÃ­da.", Video: Jonas Vingegaard liquida el Tour de Francia  ,https://www.eluniversal.com.co//multimedia/video-jonas-vingegaard-liquida-el-tour-de-francia-FI6857171
"Es la chica que diseÃ±a las letras a la medida de los sentimientos, tanto, que logra captar la atenciÃ³n de importantes artistas que interpretan sus canciones o en el mejor de los casos, le acompaÃ±an en este trasegar que empezÃ³ hace un aÃ±o."," Susana Cala, la voz perfecta para cantar historias ",https://www.eluniversal.com.co//viernes/susana-cala-la-voz-perfecta-para-cantar-historias-DE6767757
"El comitÃ© selecto de la CÃ¡mara de Representantes, que investiga los diferentes aspectos del asalto al Capitolio del 6 de enero de 2021, declarÃ³ culpable de dos cargos de desacato a Steve Bannon, quien en su momento fue asesor ideolÃ³gico y estratÃ©gico del expresidente de Estados Unidos Donald Trump. Lea: Melania Trump alega que nadie la informÃ³ del asalto al Capitolio", ComitÃ© que investiga asalto al Capitolio imputa por desacato a Steve Bannon ,https://www.eluniversal.com.co//mundo/comite-que-investiga-asalto-al-capitolio-imputa-por-desacato-a-steve-bannon-EL6863754
"Â¿FabiÃ¡n Jaimes Agredo sabÃ­a el peligro quÃ© corrÃ­a? Â¿Por quÃ© acudiÃ³ a la cita y no dio aviso a las autoridades? Muchas son las preguntas que hoy se hacen familiares, amigos y pobladores de Santa Rosa del Sur, sur de BolÃ­var, tras conocer su atroz asesinato el pasado 16 de julio. Lea aquÃ­: Iba a comprar oro y apareciÃ³ muerto a golpes dentro de una casa", Capturaron a sus asesinos por foto que les tomÃ³ antes que lo golpearan ,https://www.eluniversal.com.co//sucesos/capturaron-a-sus-asesinos-por-foto-que-les-tomo-antes-que-lo-golpearan-GN6861822
"ManteniÃ©ndose como uno de los exponentes mÃ¡s destacados en el merengue, Eddy Herrera vuelve recargado en este 2022 y es por esto que con ocho temas consignados en su mÃ¡s reciente Ã¡lbum, lo advierte claramente y afirma âAquÃ­ estoyâ."," âAquÃ­ estoyâ, lo dice Eddy Herrera ",https://www.eluniversal.com.co//viernes/aqui-estoy-lo-dice-eddy-herrera-AL6827507
"Si hay alguien que empezÃ³ su carrera en el siglo pasado y ha sabido apoderarse de las bondades tecnolÃ³gicas de este, es el Ã­dolo del pop latino Chayanne. El boricua, si bien no es asiduo de las redes sociales, desde allÃ­ interactÃºa en momentos particulares con ese pÃºblico fiel que lo ha acompaÃ±ado desde sus inicios, asÃ­ como los adeptos que continÃºa reclutando en estas casi cuatro dÃ©cadas de carrera.", Vuelve Chayanne... y punto ,https://www.eluniversal.com.co//viernes/vuelve-chayanne-y-punto-AB6737570
"A punto de completar una dÃ©cada de carrera profesional, y comprometido con preservar el nombre de su dinastÃ­a en alto, Elder DayÃ¡n DÃ­az regresa con su nuevo trabajo discogrÃ¡fico, un compendio que tomÃ³ tiempo elaborar y que representa el mejor regalo para quienes lo siguen.", Elder DayÃ¡n DÃ­az regresa cantando âPara ustedesâ ,https://www.eluniversal.com.co//viernes/elder-dayan-diaz-regresa-cantando-para-ustedes-GN6791228
"A la hora de planificar un viaje en aviÃ³n, siempre surge la duda si optar por un vuelo directo o con escalas. Aunque la primera decisiÃ³n suele ser la preferida, ya que permite al viajero llegar rÃ¡pidamente a su destino, un vuelo con escalas puede abrir la oportunidad a nuevas aventuras en un lugar que no se planeaba conocer.", Los viajes con escala pueden ser el inicio de una gran aventura ,https://www.eluniversal.com.co//viernes/los-viajes-con-escala-pueden-ser-el-inicio-de-una-gran-aventura-AD6858244
"âVive tu vidaâ, es el mÃ¡s reciente trabajo musical de Mr Black âEl Presidenteâ y Keyvin Ce âEl prospecto de la melodÃ­aâ.", Mr Black y Keyvin Ce se unen en âVive tu vidaâ ,https://www.eluniversal.com.co//farandula/mr-black-y-keyvin-ce-se-unen-en-vive-tu-vida-XL6863440
"Yancel Enrique PÃ©rez Quiroz, conocido como âYancerâ y quien es investigado por el homicidio de Francia Elena Acosta Torres, ocurrido el pasado lunes 11 de julio en el barrio Olaya Herrera, sigue bajo atenciÃ³n mÃ©dica en el Hospital Universitario del Caribe y por eso aÃºn la FiscalÃ­a no le ha imputado cargos ante un juez con funciones de Control de GarantÃ­as.", Â¿QuÃ© pasÃ³ con el presunto feminicida de Francia Acosta en Olaya Herrera? ,https://www.eluniversal.com.co//sucesos/que-paso-con-el-presunto-feminicida-de-francia-acosta-en-olaya-herrera-AN6861453
La AlcaldÃ­a de Cartagena informÃ³ este viernes que nombrÃ³ nuevo asesor para la CooperaciÃ³n Internacional del distrito.," Miguel Manga, nuevo asesor para la CooperaciÃ³n Internacional en Cartagena ",https://www.eluniversal.com.co//cartagena/miguel-manga-nuevo-asesor-para-la-cooperacion-internacional-en-cartagena-JL6863290
"El bullying es una agresiÃ³n que ha tomado mayor fuerza en los Ãºltimos aÃ±os, involucra mÃºltiples actores entre los que se destacan la vÃ­ctima y el acosador. Las consecuencias que este tipo de agresiÃ³n genera en todas las personas afectadas, deben ser manejadas adecuadamente para evitar consecuencias funestas y problemas psicolÃ³gicos."," El bullying, un problema de talla mundial  ",https://www.eluniversal.com.co//viernes/el-bullying-un-problema-de-talla-mundial-BM6824560
"Un total de ocho partidos partidos se disputarÃ¡n este fin de semana en la Copa de Verano de BÃ©isbol Sub-23 y Mayores en BolÃ­var, que cuenta con el concurso de de diez equipos.", Se jugarÃ¡n ocho juegos este fin de semana en la Copa de Verano ,https://www.eluniversal.com.co//deportes/se-jugaran-ocho-juegos-este-fin-de-semana-en-la-copa-de-verano-HL6863823
"La primer plenaria de la CÃ¡mara de Representantes dejÃ³ entrever cÃ³mo serÃ¡ la dinÃ¡mica de esta corporaciÃ³n, sin importar que la misma tiene desde ya las mayorÃ­as del petrismo.", La elecciÃ³n que enredÃ³ la integraciÃ³n de la mesa directiva de la CÃ¡mara ,https://www.eluniversal.com.co//politica/la-eleccion-que-enredo-la-integracion-de-la-mesa-directiva-de-la-camara-AD6858637
"...Y a IvÃ¡n Duque MÃ¡rquez, lo que es de IvÃ¡n. Nosotros los colombianos no podemos desconocer su gran gobierno como presidente.", Al CÃ©sar lo que es del CÃ©sar ,https://www.eluniversal.com.co//opinion/columna/al-cesar-lo-que-es-del-cesar-XC6859707
"Interesantes conclusiones surgieron del foro âPetrÃ³leo y gas costa afuera: el gran reto del Caribe colombianoâ, desarrollado el viernes en nuestro auditorio.", Cartagena y la exploraciÃ³n Offshore ,https://www.eluniversal.com.co//opinion/editorial/la-exploracion-offshore-XA6839505
"La SelecciÃ³n BolÃ­var de Baloncesto buscarÃ¡, a partir de hoy, su cupo a los Juegos Nacionales de 2023 en un certamen clasificatorio que tendrÃ¡ lugar en la ciudad de Santa Marta.", SelecciÃ³n BolÃ­var de BÃ¡squet busca cupo a Juegos Nacionales ,https://www.eluniversal.com.co//deportes/seleccion-bolivar-de-basquet-busca-cupo-a-juegos-nacionales-KL6863840
"Rafael Arrieta Medina, de 70 aÃ±os, falleciÃ³ tras ser arrollado por una moto ocupada por tres personas frente a una vivienda en donde compartÃ­a con amigos en el barrio Pablo Sexto, en las faldas de La Popa.", Video: moto con tres ocupantes arrollÃ³ y matÃ³ a carpintero en Cartagena  ,https://www.eluniversal.com.co//sucesos/video-moto-con-tres-ocupantes-arrollo-y-mato-a-carpintero-en-cartagena-BK6862289
"La organizaciÃ³n sindical Anthoc - Seccional BolÃ­var y la CUT denuncian la forma como se viene adelantando a la fecha el proceso de FormalizaciÃ³n Laboral por parte del agente interventor de la Supersalud, en la ESE Hospital Local Cartagena de Indias.", Salud y trabajo digno ,https://www.eluniversal.com.co//opinion/columna/salud-y-trabajo-digno-FC6859654
"La Corte Constitucional amparÃ³ los derechos fundamentales del expresidente Ãlvaro Uribe VÃ©lez a la honra, buen nombre, presunciÃ³n de inocencia y dignidad humana, y le ordenÃ³ a Daniel Mendoza Leal que, en el tÃ©rmino de cinco, dÃ­as contados a partir de la notificaciÃ³n de la sentencia, lleve a cabo las rectificaciones ordenadas.", Daniel Mendoza deberÃ¡ rectificarse por serie âMatarifeâ ,https://www.eluniversal.com.co//colombia/daniel-mendoza-debera-rectificarse-por-serie-matarife-KL6863936
"El 21 de julio se estrena en cines a nivel nacional Leyenda Viva, el alma de un pueblo, la pelÃ­cula que, de la mano de muchos de los mÃ¡s importantes compositores y hacedores de este gÃ©nero, nos lleva por un recorrido, desde el origen hasta nuestros tiempos, de uno de los ritmos mÃ¡s tradicionales e importantes de nuestro patrimonio cultural musical, el Vallenato, declarado patrimonio inmaterial de la humanidad por la Unesco."," âLeyenda Vivaâ, homenaje a la memoria del vallenato  ",https://www.eluniversal.com.co//viernes/leyenda-viva-homenaje-a-la-memoria-del-vallenato-CN6791127
"La prostituciÃ³n, robo, proxenetismo, trÃ¡fico y consumo de drogas, abusos con los precios, espectÃ¡culos como âmeaderaâ en cualquier esquina y sexo al aire libre son los tips publicitarios para una que una nueva poblaciÃ³n turÃ­stica degenerada nos visite: situaciÃ³n que en paÃ­ses organizados se ubica en zonas de tolerancia, en donde en un POT se cranea lo âinaguantable en un modernismoâ.", Salvemos el Centro HistÃ³rico ,https://www.eluniversal.com.co//opinion/columna/salvemos-el-centro-historico-JM6853649
"Ahora cuando la Unidad Nacional para la GestiÃ³n del Riesgo de Desastres -UNGRD finalmente adjudicÃ³ el contrato de consultorÃ­a para determinar el mecanismo para la demoliciÃ³n del edificio Aquarela, se hace necesario establecer la cadena de errores cometidos por la AlcaldÃ­a de Cartagena, el Ministerio de Cultura y la misma CuradurÃ­a Urbana No.1, para que semejante esperpento siga atropellando el urbanismo de esta ciudad.", Edificio Aquarela: cronologÃ­a de un desastre ,https://www.eluniversal.com.co//opinion/columna/edificio-aquarela-cronologia-de-un-desastre-XM6853246
"Por medio de una carta, diferentes miembros del partido Comunes, antes Farc, presentaron una renuncia colectiva a la agrupaciÃ³n polÃ­tica. La renuncia estuvo liderada por la exsenadora Victoria Sandino, Milton de JesÃºs Toncel Redondo, Israel ZÃºÃ±iga, Benedicto de JesÃºs GonzÃ¡lez, MarÃ­a Rosalba GarcÃ­a, entre otros.", Militantes del partido Comunes renuncian colectivamente a la agrupaciÃ³n ,https://www.eluniversal.com.co//politica/militantes-del-partido-comunes-renuncian-colectivamente-a-la-agrupacion-HM6860081
"El nombre de Antonio de Nebrija (1441-1522) ha vuelto a aparecer por estos dÃ­as en una moneda acuÃ±ada en EspaÃ±a, al cumplirse quinientos aÃ±os de su muerte. Es el primer humanista hispÃ¡nico, autor de la primera âGramÃ¡tica castellanaâ en 1492, publicada tres meses antes de que ColÃ³n llegara a AmÃ©rica.", La fascinante historia tras la herencia de Antonio de Nebrija ,https://www.eluniversal.com.co//suplementos/facetas/la-fascinante-historia-tras-la-herencia-de-antonio-de-nebrija-JK6840290
Las nuevas dinÃ¡micas del mundo y la adopciÃ³n de estilos de vida mÃ¡s conscientes estÃ¡n transformando las tendencias de consumo en la industria alimentaria., âPlant-Basedâ: la tendencia alimentaria que llegÃ³ para quedarse ,https://www.eluniversal.com.co//viernes/plant-based-la-tendencia-alimentaria-que-llego-para-quedarse-YD6858076
"Momposinos y cartageneros tenemos claro que el 20 de Julio no deberÃ­a ser la fecha en la que celebremos el DÃ­a de Independencia. En esa gloriosa jornada âque desde BogotÃ¡ los intelectuales nos impusieron como la del inicio de la gesta libertariaâ, todavÃ­a seguÃ­an gritando, ya negado el prÃ©stamo del Florero de Llorente, âÂ¡Viva el Rey, abajo el mal gobierno!â BastarÃ­a que los historiadores de la frÃ­a capital leyeran el Acta de Independencia de Cartagena, de 1811, para que lo reconsideraran.", Cartagena y el nuevo Congreso ,https://www.eluniversal.com.co//opinion/editorial/cartagena-y-el-nuevo-congreso-YM6853562
"Un muerto y un herido fue el saldo que dejÃ³ un enfrentamiento de pandillas en los barrios Siete de Abril y Conidec de Barranquilla, en momentos que caÃ­a un fuerte aguacero sobre la capital del AtlÃ¡ntico.", Un muerto y un herido dejÃ³ enfrentamiento de pandillas en medio de la lluvia ,https://www.eluniversal.com.co//regional/atlantico/un-muerto-y-un-herido-dejo-enfrentamiento-de-pandillas-en-medio-de-la-lluvia-AL6863983
"El Departamento Administrativo Distrital de Salud, Dadis, anunciÃ³ este viernes, 22 de julio, que la sede FÃ¡tima en el barrio GetsemanÃ­ ya abriÃ³ nuevamente sus puertas al pÃºblico tras subsanar los hallazgos que dieron pie a un cierre preventivo. Lea: Instalaciones del Dadis fueron cerradas por condiciones higiÃ©nico-sanitarias"," Â¡Sacaron a las ratas!, Dadis abre nuevamente sede en GetsemanÃ­  ",https://www.eluniversal.com.co//cartagena/sacaron-a-las-ratas-dadis-abre-nuevamente-sede-en-getsemani-ML6863079
"âSoy campesino, soy sembrador de yuca, Ã±ame y maÃ­z, con lo que gano alimento a mis hijos y les doy estudios, por eso agradezco que vengan a San JoaquÃ­n y nos apoyen con esta iniciativaâ.", AsÃ­ serÃ¡ la celebraciÃ³n del DÃ­a del Campesino en Mahates ,https://www.eluniversal.com.co//regional/asi-sera-la-celebracion-del-dia-del-campesino-en-mahates-YK6862573
"Mientras compartÃ­an en una de las bancas del parque de BolÃ­var, LucÃ­a* y un grupo de amigos presenciaron la caÃ­da de un caballo cochero frente al Portal de los Escribanos en el Centro HistÃ³rico de Cartagena.", Video: El desplome de un caballo cochero que terminÃ³ en pelea a piedra ,https://www.eluniversal.com.co//cartagena/video-el-desplome-de-un-caballo-cochero-que-termino-en-pelea-a-piedra-DD6858270
"El Ministerio de Minas y EnergÃ­a anunciÃ³ la expediciÃ³n de nuevos decretos que reglamentan cuatro artÃ­culos de la Ley de TransiciÃ³n EnergÃ©tica, con lo cual se establece un marco para el desarrollo del hidrÃ³geno en Colombia al definir âlas competencias de los distintos ministerios que juegan un rol importante en la economÃ­a de este nuevo vector energÃ©ticoâ.", MinenergÃ­a expidiÃ³ nuevos decretos para producciÃ³n de hidrÃ³geno ,https://www.eluniversal.com.co//colombia/minenergia-expidio-nuevos-decretos-para-produccion-de-hidrogeno-KI6864059
"A la lista de videos que muestran el desparpajo de turistas desnudos o de parejas sosteniendo relaciones sexuales a la vista general en calles y otros espacios pÃºbicos y en balcones de casas del Centro HistÃ³rico y en GetsemanÃ­, se sumÃ³ el de una pareja en similares actos en el balconcillo de un hotel ubicado en la populosa calle Segunda de Badillo.", Las fantasÃ­as de Emily ,https://www.eluniversal.com.co//opinion/editorial/las-fantasias-de-emily-AC6859741
"En 2012, uno de los artistas con mayor proyecciÃ³n en la mÃºsica colombiana lanzaba âA quien correspondaâ, su cuarto Ã¡lbum, que ademÃ¡s estaba bajo sus bases sencillas y puras para hacer mÃºsica, algo que sigue manteniendo. AllÃ­ venÃ­a consignada la canciÃ³n âDesde lejosâ, que una vez se escuchaba, daba cuenta de esa despedida limpia y sin resentimientos.", Santiago Cruz y una historia tejida en diez aÃ±os ,https://www.eluniversal.com.co//viernes/santiago-cruz-y-una-historia-tejida-en-diez-anos-ND6858780
"Del amor al odio solo hay un paso. Ese adagio cabe perfectamente en la relaciÃ³n polÃ­tica entre el alcalde de Cartagena, William Dau; y Javier Julio Bejarano, concejal del Distrito. Sus campaÃ±as electorales fueron prÃ³ximas y tras la posesiÃ³n del mandatario, este indicÃ³ que el concejal era su principal aliado.", Dau no podrÃ¡ decirle mÃ¡s âviejita chismosaâ a Javier Julio Bejarano ,https://www.eluniversal.com.co//politica/dau-no-podra-decirle-mas-viejita-chismosa-a-javier-julio-bejarano-MK6862097
La Armada liderÃ³ este miÃ©rcoles 20 de julio varias actividades para conmemorar los 212 aÃ±os del Grito de Independencia de Colombia., En fotos: asÃ­ se viviÃ³ el desfile cÃ­vico militar del 20 de julio en Cartagena ,https://www.eluniversal.com.co//multimedia/en-fotos-asi-se-vivio-el-desfile-civico-militar-del-20-de-julio-en-cartagena-IN6852820
El Real Madrid ha dado por cerrado el capÃ­tulo de fichajes para la nueva temporada y confÃ­a en la solidez de la plantilla que triunfÃ³ el curso pasado y en los reciÃ©n llegados como el francÃ©s AurÃ©lien TchouamÃ©ni -que ha impresionado en los entrenamientos del club blanco en Los Ãngeles por su condiciÃ³n fÃ­sica- y el alemÃ¡n Antonio RÃ¼diger para competir por todos los tÃ­tulos., La decisiÃ³n que tomÃ³ el Real Madrid para la nueva temporada  ,https://www.eluniversal.com.co//deportes/la-decision-que-tomo-el-real-madrid-para-la-nueva-temporada-MK6862952
"La FundaciÃ³n Finsocial y la FundaciÃ³n Cocha Molina concretaron este viernes la alianza con la que buscan preservar la cultura vallenata en las nuevas generaciones, con el Ãºnico objetivo de proteger el folclor vallenato en el Caribe colombiano.", Protocolizan alianza para preservar el vallenato a travÃ©s de los niÃ±os ,https://www.eluniversal.com.co//regional/protocolizan-alianza-para-preservar-el-vallenato-a-traves-de-los-ninos-GK6862190
"La transformaciÃ³n digital experimentada en los Ãºltimos aÃ±os modificÃ³ de manera profunda las actividades cotidianas que realizan las personas. Los profesionales mÃ©dicos encontraron en su aplicaciÃ³n la posibilidad de conectarse y atender a los pacientes, bajo estrictas polÃ­ticas de seguridad y en la comodidad que ofrece este nuevo contexto.", Servicios online: tendencia que se consolida en el sector salud ,https://www.eluniversal.com.co//viernes/servicios-online-tendencia-que-se-consolida-en-el-sector-salud-DH6823489
"Tras el acervo probatorio presentado por un fiscal seccional de CÃ³rdoba, un juez dictÃ³ medida de aseguramiento en establecimiento carcelario en contra de Mario JosÃ© Padilla SÃ¡nchez por los delitos de concierto para delinquir agravado, homicidio agravado, fabricaciÃ³n, porte o tenencia de armas de fuego, accesorios, partes o municiones. Lea aquÃ­: VÃ­deo: Lo que se sabe de la granada que explotÃ³ en estaciÃ³n de policÃ­a en Cartagena", Lo seÃ±alan de cometer 6 homicidios en CÃ³rdoba: fue enviado a la cÃ¡rcel ,https://www.eluniversal.com.co//sucesos/lo-senalan-de-cometer-6-homicidios-en-cordoba-fue-enviado-a-la-carcel-DK6862423
"La ola de calor no le da tregua a Europa. Las altas temperaturas que afectan a EspaÃ±a, Italia, PaÃ­ses Bajos, Francia, Reino Unido y otros territorios se mantiene vigente con picos mÃ¡ximos que ya dejan incendios forestales y vÃ­ctimas mortales.", En fotos: Ola de calor sigue amenazando a Europa ,https://www.eluniversal.com.co//multimedia/en-fotos-ola-de-calor-sigue-amenazando-a-europa-NH6845197
"Carlos Arturo Bacca Ahumada, nueva contrataciÃ³n de Junior, fue convocado por el tÃ©cnico Juan Cruz Real para el partido de este sÃ¡bado en el estadio Metropolitano Roberto MelÃ©ndez ante Independiente Santa Fe y vÃ¡lido por la cuarta fecha de la Liga BetPlay Dimayor, programado para las 6:10 de la tarde.", Carlos Bacca fue convocado para el partido ante Santa Fe ,https://www.eluniversal.com.co//regional/atlantico/carlos-bacca-fue-convocado-para-el-partido-ante-santa-fe-FL6863007
